ID,sequence,prediction,probability,length,aa_aliphatic,aa_aromatic,aa_nonpolar,aa_polar,aa_charged,net_charge,hydrophobicity,molecular_weight
peptide0,EYPPGGGYPPGYYGGG,Non-toxic,0.04,16,0,4,15,1,1,-1.0,-1.12,1587.66
peptide2,KAAYYYHGPKGKGYHPHPPG,Non-toxic,0.01,20,2,7,14,6,6,3.27,-1.54,2225.5
peptide3,IQYYPYGGGHKHYIHPGYGYRGDYPPRGKGYPHGHHPPY,Non-toxic,0.02,39,2,15,27,12,11,3.54,-1.55,4540.99
peptide4,IAPRPRKLKGGGPHLYHKR,Non-toxic,0.01,19,4,3,11,8,8,6.18,-1.32,2181.62
peptide5,FAGGYYPYYGYP,Non-toxic,0.34,12,1,6,12,0,0,-0.01,-0.53,1417.54
peptide6,EVHGGKYYDLKGGHYHPPKYYHKHHG,Non-toxic,0.05,26,2,11,14,12,12,2.54,-1.75,3105.43
peptide7,VHAHYHGKYHPRHPKPPPGY,Non-toxic,0.0,20,2,8,12,8,8,3.45,-1.75,2375.68
peptide8,DAAPPGKGPGPKYG,Non-toxic,0.01,14,2,1,11,3,3,1.0,-1.21,1311.46
peptide9,WAYYHPYPNHGYYP,Non-toxic,0.27,14,1,8,11,3,2,0.18,-1.48,1827.97
peptide10,QEPYYRPGGYPFGP,Non-toxic,0.05,14,0,4,11,3,2,-0.0,-1.44,1627.78
peptide11,CAKPPGPHHR,Non-toxic,0.02,10,1,2,6,4,4,2.12,-1.57,1099.28
peptide12,ASPLGIHHYKYPYKPKGPHG,Non-toxic,0.02,20,3,6,13,7,6,3.27,-1.18,2247.59
peptide13,DAYYYKGYKYYYHKYHGPYP,Non-toxic,0.05,20,1,11,14,6,6,2.17,-1.77,2639.91
peptide14,HANYGLYQPPHHYYYYLKYP,Non-toxic,0.06,20,3,10,14,6,4,1.26,-1.27,2587.88
peptide15,IRYHKGPGKPHPGGYKGPRG,Non-toxic,0.02,20,1,4,13,7,7,5.18,-1.7,2159.48
peptide16,TAAKLPPYLHYHKGGYYPKG,Non-toxic,0.01,20,4,6,14,6,5,3.18,-0.94,2261.61
peptide17,YAKPPHYPPPKH,Non-toxic,0.0,12,1,4,8,4,4,2.18,-1.92,1431.66
peptide18,APAGGGYPKGKKGKK,Non-toxic,0.0,15,2,1,10,5,5,5.0,-1.49,1443.71
peptide19,VLAHPKYPGGPGPYPKPKPY,Non-toxic,0.0,20,3,4,16,4,4,3.09,-1.07,2163.55
peptide20,HYYGGGGGPGHYGYHG,Toxic,0.53,16,0,7,13,3,3,0.27,-1.23,1635.67
peptide21,VLVPSHGRYYKKRHYYKRRG,Non-toxic,0.26,20,3,6,10,10,9,7.18,-1.61,2564.0
peptide22,QHSHYKFYGHYYPPKHHPRYWGKGPKYHGGRPGG,Non-toxic,0.0,34,0,14,20,14,12,6.54,-1.91,4078.53
peptide23,IASPGGYKKYYYRKGRPKYG,Non-toxic,0.01,20,2,5,13,7,6,5.99,-1.52,2352.72
peptide24,RAKGGGPRPYKHYGYGYGYP,Non-toxic,0.0,20,1,6,15,5,5,4.08,-1.59,2244.5
peptide25,WAKYKPPKPPYGHYYKPHGKHPGYYPPHYPGYYYPPKYYG,Non-toxic,0.0,40,1,17,30,10,10,6.35,-1.76,4904.57
peptide26,KGSYGPKYYY,Non-toxic,0.05,10,0,4,7,3,2,1.99,-1.62,1225.37
peptide27,AGGFYYYYPRYYHKGYPHP,Non-toxic,0.46,19,1,10,15,4,4,2.17,-1.33,2399.65
peptide28,GFEPLRLYPPYKGGRPPGGG,Non-toxic,0.01,20,2,3,16,4,4,2.0,-0.95,2115.42
peptide30,MGYKHPHGGGGGP,Non-toxic,0.23,13,0,3,10,3,3,1.18,-1.18,1251.38
peptide31,KFYKPGGGGHGG,Non-toxic,0.19,12,0,3,9,3,3,2.09,-1.12,1161.29
peptide32,FGGHKPGYPGY,Non-toxic,0.0,11,0,4,9,2,2,1.09,-1.06,1179.3
peptide33,HAGSRGGKKPKKRGHPYLPGKPHHKGHGHGYPPWK,Non-toxic,0.0,35,2,9,19,16,15,9.54,-1.91,3873.45
peptide35,EKGGGHGGHGYGPKYGKYYYHGPYPPHRGHKLHGPHPGK,Non-toxic,0.07,39,1,13,25,14,14,5.63,-1.75,4263.72
peptide36,DAHGGYHYHPRPKKHYYYGP,Non-toxic,0.02,20,1,9,12,8,8,2.36,-1.97,2443.67
peptide37,PAAPPYGWGGGYPPKYKYKKKHRLHYKPYPGYPHGY,Non-toxic,0.0,36,3,12,26,10,10,7.26,-1.57,4220.85
peptide38,EIYRGHHRGPRYHYGYGKYG,Non-toxic,0.17,20,1,8,12,8,8,3.27,-1.8,2466.71
peptide39,NPPPPPHHGYPK,Non-toxic,0.0,12,0,3,8,4,3,1.18,-2.09,1337.5
peptide40,NYFPKPGYYPPYPGPPKPY,Non-toxic,0.0,19,0,6,16,3,2,1.99,-1.51,2242.56
peptide41,YGDYYGYYLPKGHYDHKPYHHQKGKGGKKYKPPGP,Non-toxic,0.03,35,1,12,21,14,13,5.35,-1.94,4125.62
peptide42,KYGKGYKPGRGY,Non-toxic,0.09,12,0,3,8,4,4,3.99,-1.94,1373.58
peptide43,CAAKPGRKLKKP,Non-toxic,0.02,12,3,0,7,5,5,4.93,-1.15,1296.64
peptide44,RAVYKHPKGGPP,Non-toxic,0.0,12,2,2,8,4,4,3.09,-1.37,1306.53
peptide46,EAPYYKPGHYG,Non-toxic,0.0,11,1,4,8,3,3,0.09,-1.52,1281.39
peptide47,PAAGPKYYHH,Non-toxic,0.09,10,2,4,7,3,3,1.18,-1.29,1140.27
peptide48,DKGPKPKHYRGYKYYK,Non-toxic,0.01,16,0,5,8,8,8,5.08,-2.49,2028.34
peptide50,LAYGPHPPYGGGY,Non-toxic,0.07,13,2,4,12,1,1,0.09,-0.61,1348.48
peptide51,YKMPGYKKLGGQGPHKHHPHPKPYPGGHPGK,Non-toxic,0.0,31,1,8,19,12,11,6.45,-1.78,3413.96
peptide52,NDRGGPKPKHYYPHPKGYGY,Non-toxic,0.05,20,0,6,12,8,7,3.18,-2.14,2331.58
peptide53,WAKYPWPPYHKGYYGPYG,Non-toxic,0.0,18,1,8,15,3,3,2.08,-1.39,2230.51
peptide54,HWAPHYYYKYYHYGPHGGPH,Non-toxic,0.13,20,1,12,14,6,6,1.45,-1.64,2530.75
peptide55,DAHLRHPYPHGYGYPYYYHRKK,Non-toxic,0.0,22,2,10,13,9,9,3.36,-1.86,2819.14
peptide56,CTYRKKPHGHHHHGGYKKPG,Non-toxic,0.13,20,0,7,9,11,10,5.39,-2.08,2325.64
peptide57,IQDKYYKPGYHYPPLHGGGRHGYYYYGKRPGYGGPPP,Non-toxic,0.01,37,2,12,27,10,9,4.26,-1.5,4257.74
peptide58,LTGGYYYYPPG,Non-toxic,0.0,11,1,4,10,1,0,-0.01,-0.59,1250.37
peptide59,DFGPKGGPGYKKPYHPP,Non-toxic,0.0,17,0,4,12,5,5,2.09,-1.64,1842.09
peptide60,ITRPYYPYPPPRG,Non-toxic,0.08,13,1,3,10,3,2,2.0,-1.35,1576.82
peptide61,ETAVGHRGYYLDHPYPHPPRGRPYHPYGYPGH,Non-toxic,0.01,32,3,11,21,11,10,1.45,-1.51,3745.1
peptide62,PALHPGYYYRGRGGHKRPKHY,Non-toxic,0.02,21,2,7,13,8,8,5.27,-1.76,2510.85
peptide63,KHGSPGGPPHYGKYKPKH,Non-toxic,0.0,18,0,5,10,8,7,4.27,-2.03,1972.24
peptide64,RGYGGGPKYKYGYRRYRPGGYPYKGGPKGKGPHYHKGGK,Non-toxic,0.0,39,0,10,26,13,13,11.17,-1.93,4346.93
peptide65,NKGPYRGKGHYGKPPPFHNG,Non-toxic,0.02,20,0,5,12,8,6,4.18,-1.89,2208.47
peptide66,GAAKGPPYGGGPPGY,Non-toxic,0.0,15,2,2,14,1,1,1.0,-0.78,1345.48
peptide67,NIPYPYHYGY,Non-toxic,0.2,10,1,5,8,2,1,0.09,-1.1,1286.41
peptide68,NRKPLPGGHGYGYHGWPKPP,Non-toxic,0.25,20,1,5,14,6,5,3.18,-1.59,2215.51
peptide69,HYYPGPGGHKYP,Non-toxic,0.0,12,0,5,9,3,3,1.18,-1.68,1372.51
peptide70,KGHIYGYPKPKYYKHPYGPPPGP,Non-toxic,0.0,23,1,7,17,6,6,4.17,-1.6,2642.06
peptide71,DAGYGYKHYKLIPGKYHPHRGYKHGGPHYKHPPGG,Non-toxic,0.04,35,3,12,22,13,13,5.54,-1.59,3971.46
peptide72,YPPKYYPYGG,Non-toxic,0.0,10,0,4,9,1,1,0.99,-1.47,1204.35
peptide73,GAKYGGKYHKGGY,Non-toxic,0.19,13,1,4,9,4,4,3.09,-1.46,1385.55
peptide74,VAYPYKLKPGGHPGPYGPKYGPYYPKPYPGYPPGPKPG,Non-toxic,0.0,38,3,9,32,6,6,5.08,-1.24,4103.74
peptide75,IYAYKYRPPYKHPYRYKYGP,Non-toxic,0.0,20,2,8,14,6,6,5.08,-1.68,2624.04
peptide77,RKPPKKYLKG,Non-toxic,0.0,10,1,1,5,5,5,5.0,-2.12,1214.52
peptide78,PFHPLPRYPYGGEP,Non-toxic,0.0,14,1,4,11,3,3,0.09,-1.14,1626.84
peptide79,KAYGYHGKHHHYPHPPHKGGPGPPGPHYKYPGPY,Non-toxic,0.0,34,1,13,23,11,11,4.63,-1.8,3814.25
peptide80,VRWGGPKYYHHRHYKPGPKP,Non-toxic,0.0,20,1,7,12,8,8,5.27,-1.93,2460.83
peptide81,IPWGGGPPPHKP,Non-toxic,0.12,12,1,2,10,2,2,1.09,-1.06,1239.44
peptide82,MYEPKKPPYGGPPHGGYGHG,Non-toxic,0.0,20,0,5,15,5,5,1.18,-1.5,2126.38
peptide83,CAKGSGPYPPHHPYP,Non-toxic,0.0,15,1,4,11,4,3,1.12,-1.21,1607.81
peptide84,IPKGPYGPGPGKRHPYYHKG,Non-toxic,0.0,20,1,5,14,6,6,4.18,-1.6,2206.54
peptide85,CWKYKPGRGYRPGHHKGYPHKKPMYKYYGYGYKYYYWHGK,Non-toxic,0.0,40,0,17,26,14,14,10.29,-1.85,5093.87
peptide86,MNHYPYGYYKPR,Non-toxic,0.02,12,0,5,8,4,3,2.09,-1.83,1588.8
peptide87,PHHGHGGGYPYK,Non-toxic,0.0,12,0,5,8,4,4,1.27,-1.74,1306.41
peptide88,KHKGPGPPGGRKGY,Non-toxic,0.01,14,0,2,9,5,5,4.09,-1.96,1435.65
peptide89,DPYGGGHGPG,Non-toxic,0.07,10,0,2,8,2,2,-0.91,-1.32,912.91
peptide90,HYSPHPLKGYKGKKYPRGKK,Non-toxic,0.0,20,1,5,10,10,9,7.18,-2.06,2369.8
peptide91,WAQGLGFHYY,Non-toxic,0.3,10,2,5,8,2,1,0.09,-0.26,1241.37
peptide92,MHDLKYGKGHPKKKKSYYTHPKHYGYKPPYPPGPGQLP,Non-toxic,0.0,38,2,10,22,16,13,7.35,-1.73,4422.14
peptide93,HAPGGFYPHH,Non-toxic,0.18,10,1,5,7,3,3,0.27,-1.03,1119.21
peptide94,SQPGGGPRHGGYHRP,Non-toxic,0.0,15,0,3,9,6,4,2.18,-1.85,1559.67
peptide95,PACPRPMGYYHYPPRY,Non-toxic,0.11,16,1,5,13,3,3,2.02,-1.23,1968.28
peptide96,RAHYGKKKPYHGGYPHYYYY,Non-toxic,0.0,20,1,10,13,7,7,4.26,-1.88,2548.85
peptide97,FPKYPRPGPYYG,Non-toxic,0.15,12,0,4,10,2,2,2.0,-1.39,1441.65
peptide98,KAPWGKYPPPLH,Non-toxic,0.0,12,2,3,9,3,3,2.09,-1.2,1390.65
peptide99,FNWPRGKFHPYGKYGPPPGH,Non-toxic,0.0,20,0,7,14,6,5,3.18,-1.49,2339.65
