ID,sequence,prediction,probability,length,aa_aliphatic,aa_aromatic,aa_nonpolar,aa_polar,aa_charged,net_charge,hydrophobicity,molecular_weight
peptide3,IAAAAPAAAGHGPHHHGKGYKGDKKKKGHGPHHGHHKHP,Non-toxic,0.24,39,8,11,21,18,18,6.9,-1.45,4020.5
peptide7,VAAAAAAHHAGSGGHYGKKGKHHHHGPHGGHKGHGHGKH,Non-toxic,0.14,39,8,13,21,18,17,6.09,-1.26,3876.2
peptide8,DAAAIKAHPHHGGRRHHHKPPKHGGPHDGHDGHKHG,Non-toxic,0.33,36,5,11,16,20,20,4,-1.88,3882.21
peptide9,WAAAAHGHAHGGYHRHKHHH,Non-toxic,0.2,20,5,10,10,10,10,2.72,-1.42,2275.45
peptide12,AAAAAAKPRYHHMKKKPHHGHGHHHHGGKHG,Non-toxic,0,31,6,11,15,16,16,6.9,-1.61,3386.82
peptide14,HAAAAAHHGYKHHHGHKFGG,Non-toxic,0.31,20,5,9,11,9,9,2.63,-1.06,2128.3
peptide16,TAAAAANHAAKAHYHHHHHY,Non-toxic,0.03,20,8,9,10,10,8,1.63,-0.94,2216.37
peptide19,VAAAAAQAGYYHKHHHKKKK,Non-toxic,0,20,7,6,10,10,9,5.36,-1.19,2244.59
peptide22,QAMAAAKHHTGHAHGGGHKHYHHPGY,Non-toxic,0.07,26,5,10,14,12,10,2.72,-1.27,2796.04
peptide24,RAAAAKAAYRHKHGHHHGYY,Non-toxic,0.19,20,6,8,11,9,9,4.45,-1.33,2302.55
peptide25,WAAAAARPYKKHYPGGHKYG,Non-toxic,0.02,20,5,6,14,6,6,4.18,-1.14,2229.53
peptide27,AAAAAAAHHMHPHHPHGGKHKGGGHHHHRHHKHHPYG,Non-toxic,0.04,37,7,16,18,19,19,5.36,-1.57,4041.42
peptide28,GAAATAAHGAGGGGHGHRHKGGGGHGGGHGHHKGK,Toxic,0.65,35,6,8,22,13,12,4.72,-1.09,3096.26
peptide35,EAAAAFGGHHYPYGKYGGKHPGKGGGKIHHPHKHHHHKHG,Non-toxic,0.34,40,5,15,22,18,18,6,-1.51,4320.78
peptide36,DAAAAATHGGPKHRKGHGKGHKPHKGPGHKGGKK,Non-toxic,0.4,34,5,6,17,17,16,8.54,-1.72,3398.85
peptide37,PAAAAAQHHHYGHHHGPYHK,Non-toxic,0.01,20,5,9,11,9,8,1.63,-1.37,2224.39
peptide38,EAAAAAHYYHGYPGYPHHHGHKDHHHRHHKHGHGG,Non-toxic,0,35,5,17,17,18,18,2.18,-1.79,4002.23
peptide41,YAAGAAGGAGKK,Non-toxic,0,12,5,1,10,2,2,2,-0.14,1021.14
peptide47,PAAAAKPHHKGYHHHGGKGH,Non-toxic,0.01,20,4,7,11,9,9,3.54,-1.49,2095.32
peptide49,VAAAAAAKAA,Non-toxic,0.01,10,9,0,9,1,1,1,1.47,813.95
peptide50,LAAAAHKKGHHGYGYHGHPKKH,Non-toxic,0.16,22,5,8,12,10,10,4.54,-1.35,2402.71
peptide51,YAAAAYVAKYGHWGKHYYYH,Non-toxic,0.17,20,6,10,15,5,5,2.27,-0.69,2419.69
peptide52,NAAAAAAAAKHKGHHKHHPHGGPGPHYKYH,Non-toxic,0,30,8,10,17,13,12,4.72,-1.31,3156.48
peptide53,WAAADYHGHKGGHHHGGGYHHKGY,Non-toxic,0.22,24,3,11,14,10,10,1.63,-1.5,2637.78
peptide54,HAAALAGAYGYKHHGGGGKHGYPYY,Non-toxic,0.01,25,6,9,19,6,6,2.36,-0.75,2603.84
peptide56,CAAAPIKHHAHHGKHGGKGPHHHKHKHGPKH,Non-toxic,0.04,31,5,11,14,17,17,6.93,-1.65,3372.84
peptide57,IAAAAAGKARRDPGHKGKPHDHHYHGHHK,Non-toxic,0.01,29,7,8,14,15,15,4.63,-1.54,3158.5
peptide58,LAAKAARAYKG,Toxic,0.85,11,6,1,8,3,3,3,-0.11,1119.33
peptide59,DAAAAAAPYYKGKG,Non-toxic,0.01,14,6,2,11,3,3,1,-0.39,1353.5
peptide62,PAAAWAPAGAKHPHYGPK,Non-toxic,0.13,18,6,4,14,4,4,2.18,-0.71,1827.08
peptide63,KAAAAARHPHGGKHGHGHGKHHEG,Non-toxic,0,24,5,7,12,12,12,3.64,-1.55,2442.65
peptide66,GAAAAAHAYAHKPKKHKGPH,Non-toxic,0,20,7,5,12,8,8,4.36,-1.05,2048.34
peptide67,NAAAAAAAARGYHGKKHHKGYYHGKG,Non-toxic,0,26,8,7,16,10,9,5.36,-1.07,2692.99
peptide70,KAAAAAAKTGGYGPHGPHHH,Non-toxic,0,20,6,5,13,7,6,2.36,-0.83,1936.12
peptide71,DAAKAAAKAYHGGGHHPHGH,Non-toxic,0,20,6,6,12,8,8,1.45,-1.05,1990.13
peptide73,GAAAAYYAYKQHHHKGGHKGKYGKHPGKPYKHHPHG,Non-toxic,0.01,36,5,13,20,16,15,7.72,-1.71,4002.48
peptide74,VAAAAAGAKYCYHPKHKPHHKKKKHKGHDHHHKHH,Non-toxic,0,35,7,13,14,21,21,8.93,-1.8,4058.66
peptide77,RAAAAKAWAYHGHGHHKHHHKHHGGKGHKGHGYHKHG,Toxic,0.64,37,6,16,17,20,20,8.18,-1.77,4121.53
peptide79,KAAAAAAAKHHGHHHYGKH,Non-toxic,0.08,19,7,7,10,9,9,3.54,-1.07,2000.22
peptide81,IAAAFAAAGK,Toxic,0.62,10,7,1,9,1,1,1,1.38,890.05
peptide82,MAAAAADYAKGHGHKHKKYGHGYYHPHHGKGKKKGHGHGY,Non-toxic,0.23,40,6,14,22,18,18,7.81,-1.56,4376.9
peptide83,CAAAAARGYPGYGPHPPKKH,Non-toxic,0,20,5,4,15,5,5,3.12,-0.87,2049.34
peptide85,CAAAAAAAGAAGYHYHHHHGHGHHGGKHGYGKYGG,Non-toxic,0.13,35,9,13,24,11,11,2.75,-0.77,3474.7
peptide87,PAAAAAAGPKKAHHEGKGHG,Non-toxic,0,20,7,3,13,7,7,2.27,-0.85,1863.07
peptide88,KAGAPAAHHP,Non-toxic,0.01,10,4,2,7,3,3,1.18,-0.67,956.07
peptide90,HAAAAAKARHKKRKHGHGKHKGGKGGGYKHHHKHGGG,Non-toxic,0.29,37,6,10,17,20,20,11.81,-1.82,3878.39
peptide91,WAAAAVAKHHGGHKKHGYKH,Non-toxic,0,20,6,7,11,9,9,4.45,-1.09,2191.49
peptide92,MAAAAAACYGHHHHYGGGPHHKPPRGKHPKKHGHYYGGG,Non-toxic,0.02,39,6,13,25,14,14,5.75,-1.25,4136.61
peptide95,PAAAYAAKRHHHKA,Non-toxic,0.29,14,6,4,8,6,6,3.27,-1,1528.74
peptide97,FAAAAAAGAGHKYYKHHKGHPHHHG,Non-toxic,0,25,7,10,15,10,10,3.63,-0.98,2658.93
peptide99,FAAAAAHKAIGKKYGGHGGR,Non-toxic,0.37,20,7,4,14,6,6,4.18,-0.39,1968.25